[
  {
    "media": [
      {
        "uri": "media/posts/202405/443264932_2087405521632157_3585242178116673705_n_18032017582961826.jpg",
        "creation_timestamp": 1715566876,
        "media_metadata": {
          "photo_metadata": {
            "exif_data": [
              {
                "iso": 160,
                "focal_length": "35",
                "lens_model": "EF24-70mm f/2.8L II USM",
                "scene_capture_type": "standard",
                "software": "Adobe Photoshop Lightroom Classic 12.2.1 (Windows)",
                "device_id": "D6AF134A-DA96-4F2A-A0F3-40540025ACE3",
                "camera_position": "unknown",
                "date_time_digitized": "2024:05:02 22:47:28",
                "date_time_original": "2024:05:02 22:47:28",
                "source_type": "library",
                "aperture": "2.970854",
                "shutter_speed": "6.321928",
                "metering_mode": "5",
                "focal_plane_x_resolution": "1866.6666564941406",
                "focal_plane_y_resolution": "1866.6666564941406",
                "focal_plane_resolution_unit": "3"
              }
            ]
          },
          "camera_metadata": {
            "has_camera_metadata": false
          }
        },
        "title": "Great sem",
        "cross_post_source": {
          "source_app": "FB"
        }
      }
    ]
  },
  {
    "media": [
      {
        "uri": "media/posts/202403/432712235_914642607028653_8120870965608015757_n_17881210856973858.jpg",
        "creation_timestamp": 1710165470,
        "media_metadata": {
          "camera_metadata": {
            "has_camera_metadata": false
          }
        },
        "title": "",
        "cross_post_source": {
          "source_app": "FB"
        }
      },
      {
        "uri": "media/posts/202403/432728907_1171943620653798_6340990652393200694_n_17948562815777499.jpg",
        "creation_timestamp": 1710165470,
        "media_metadata": {
          "camera_metadata": {
            "has_camera_metadata": false
          }
        },
        "title": "",
        "cross_post_source": {
          "source_app": "FB"
        }
      },
      {
        "uri": "media/posts/202403/432266534_2805254622961138_5744036923234377712_n_18036316474680730.jpg",
        "creation_timestamp": 1710165470,
        "media_metadata": {
          "camera_metadata": {
            "has_camera_metadata": false
          }
        },
        "title": "",
        "cross_post_source": {
          "source_app": "FB"
        }
      },
      {
        "uri": "media/posts/202403/432725485_6896248680474748_3259699053161949551_n_18074361205463556.jpg",
        "creation_timestamp": 1710165470,
        "media_metadata": {
          "camera_metadata": {
            "has_camera_metadata": false
          }
        },
        "title": "",
        "cross_post_source": {
          "source_app": "FB"
        }
      },
      {
        "uri": "media/posts/202403/432264064_403855232260381_3712214616947485345_n_18047815186847504.jpg",
        "creation_timestamp": 1710165470,
        "media_metadata": {
          "camera_metadata": {
            "has_camera_metadata": false
          }
        },
        "title": "",
        "cross_post_source": {
          "source_app": "FB"
        }
      },
      {
        "uri": "media/posts/202403/FQIoAkMzLBdAExBiTdLxqhgSZGFzaF9iYXNlbGluZV8xX3YxEQB17gcA_18074751904427294",
        "creation_timestamp": 1710165470,
        "media_metadata": {
          "video_metadata": {
            "subtitles": {
              "uri": "media/posts/202403/431755399_382197597926823_1337124467301455161_n_17901065021954156.srt",
              "creation_timestamp": 1710165470
            },
            "exif_data": [
              
            ]
          },
          "camera_metadata": {
            "has_camera_metadata": false
          }
        },
        "title": "",
        "cross_post_source": {
          "source_app": "FB"
        },
        "dubbing_info": [
          
        ]
      }
    ],
    "title": "Un Taxi \u00f0\u009f\u0087\u00a8\u00f0\u009f\u0087\u00b4",
    "creation_timestamp": 1710165471
  },
  {
    "media": [
      {
        "uri": "media/posts/202401/414489063_401412498899807_57568438431863170_n_18013745996304514.jpg",
        "creation_timestamp": 1704232088,
        "media_metadata": {
          "camera_metadata": {
            "has_camera_metadata": false
          }
        },
        "title": "",
        "cross_post_source": {
          "source_app": "FB"
        }
      },
      {
        "uri": "media/posts/202401/416457625_1091367998712930_2838278074399154404_n_17985307349560432.jpg",
        "creation_timestamp": 1704232088,
        "media_metadata": {
          "camera_metadata": {
            "has_camera_metadata": false
          }
        },
        "title": "",
        "cross_post_source": {
          "source_app": "FB"
        }
      },
      {
        "uri": "media/posts/202401/414698218_895878565574522_841107118215637894_n_18061078699450279.jpg",
        "creation_timestamp": 1704232088,
        "media_metadata": {
          "camera_metadata": {
            "has_camera_metadata": false
          }
        },
        "title": "",
        "cross_post_source": {
          "source_app": "FB"
        }
      },
      {
        "uri": "media/posts/202401/416261196_1777909202708680_6918778777179614901_n_17964477656554047.jpg",
        "creation_timestamp": 1704232088,
        "media_metadata": {
          "camera_metadata": {
            "has_camera_metadata": false
          }
        },
        "title": "",
        "cross_post_source": {
          "source_app": "FB"
        }
      },
      {
        "uri": "media/posts/202401/416257945_1533832380714200_1633579740891129650_n_17929240631708454.jpg",
        "creation_timestamp": 1704232088,
        "media_metadata": {
          "camera_metadata": {
            "has_camera_metadata": false
          }
        },
        "title": "",
        "cross_post_source": {
          "source_app": "FB"
        }
      },
      {
        "uri": "media/posts/202401/416591331_266617429503536_528232310563622215_n_17885743922918258.jpg",
        "creation_timestamp": 1704232088,
        "media_metadata": {
          "camera_metadata": {
            "has_camera_metadata": false
          }
        },
        "title": "",
        "cross_post_source": {
          "source_app": "FB"
        }
      },
      {
        "uri": "media/posts/202401/416553088_365143809439546_1513567951787964453_n_17995473341225437.jpg",
        "creation_timestamp": 1704232088,
        "media_metadata": {
          "camera_metadata": {
            "has_camera_metadata": false
          }
        },
        "title": "",
        "cross_post_source": {
          "source_app": "FB"
        }
      }
    ],
    "title": "Happy llama, sad llama, totally rad llama \u00f0\u009f\u0087\u00b5\u00f0\u009f\u0087\u00aa",
    "creation_timestamp": 1704232088
  },
  {
    "media": [
      {
        "uri": "media/posts/202312/412713772_1090726208630103_8492039382475930140_n_18034864069664523.jpg",
        "creation_timestamp": 1703630777,
        "media_metadata": {
          "camera_metadata": {
            "has_camera_metadata": false
          }
        },
        "title": "",
        "cross_post_source": {
          "source_app": "FB"
        }
      },
      {
        "uri": "media/posts/202312/413951302_736627555048132_3677263845117849677_n_18402605083051446.jpg",
        "creation_timestamp": 1703630777,
        "media_metadata": {
          "camera_metadata": {
            "has_camera_metadata": false
          }
        },
        "title": "",
        "cross_post_source": {
          "source_app": "FB"
        }
      },
      {
        "uri": "media/posts/202312/413277390_341417602006736_1448265492896488929_n_17960030543695726.jpg",
        "creation_timestamp": 1703630777,
        "media_metadata": {
          "camera_metadata": {
            "has_camera_metadata": false
          }
        },
        "title": "",
        "cross_post_source": {
          "source_app": "FB"
        }
      },
      {
        "uri": "media/posts/202312/413960902_1079307646567774_4364328177560608907_n_18028369012836775.jpg",
        "creation_timestamp": 1703630777,
        "media_metadata": {
          "camera_metadata": {
            "has_camera_metadata": false
          }
        },
        "title": "",
        "cross_post_source": {
          "source_app": "FB"
        }
      },
      {
        "uri": "media/posts/202312/412593832_641914087932059_587845522437897553_n_18027237247891412.jpg",
        "creation_timestamp": 1703630777,
        "media_metadata": {
          "camera_metadata": {
            "has_camera_metadata": false
          }
        },
        "title": "",
        "cross_post_source": {
          "source_app": "FB"
        }
      },
      {
        "uri": "media/posts/202312/AngQNqG8dQP6htjaBDYIjgXeOjbkkVuWhGsUPrayFxqyBJOmWDqRXwozRwI_tnyPELMfE1qdJl1MBSIkliZEk_17903948981826320",
        "creation_timestamp": 1703630777,
        "media_metadata": {
          "camera_metadata": {
            "has_camera_metadata": false
          }
        },
        "title": "",
        "cross_post_source": {
          "source_app": "FB"
        },
        "dubbing_info": [
          
        ]
      }
    ],
    "title": "Great friends, a bit o booze, and some damn good cheese.",
    "creation_timestamp": 1703630777
  }
]