{
  "ig_stories": [
    {
      "uri": "media/stories/202404/438855777_334583342972368_1508488804180453776_n_17895824201920465.jpg",
      "creation_timestamp": 1713394237,
      "media_metadata": {
        "photo_metadata": {
          "exif_data": [
            {
              "iso": 40,
              "focal_length": "4.25",
              "lens_model": "iPhone XR back camera 4.25mm f/1.8",
              "software": "16.2",
              "device_id": "D6AF134A-DA96-4F2A-A0F3-40540025ACE3",
              "scene_type": 1,
              "camera_position": "back",
              "lens_make": "Apple",
              "date_time_digitized": "2024:04:17 18:50:33",
              "date_time_original": "2024:04:17 18:50:33",
              "source_type": "camera",
              "aperture": "1.6959938131099002",
              "shutter_speed": "5.885467724295372",
              "metering_mode": "5"
            }
          ]
        },
        "camera_metadata": {
          "has_camera_metadata": true
        }
      },
      "title": "",
      "cross_post_source": {
        "source_app": "FB"
      }
    },
    {
      "uri": "media/stories/202312/409888067_1630679081003838_222012806519426961_n_17867954229040240.jpg",
      "creation_timestamp": 1702522593,
      "media_metadata": {
        "photo_metadata": {
          "exif_data": [
            {
              "iso": 640,
              "focal_length": "4.25",
              "lens_model": "iPhone XR back camera 4.25mm f/1.8",
              "scene_capture_type": "standard",
              "software": "16.2",
              "device_id": "D6AF134A-DA96-4F2A-A0F3-40540025ACE3",
              "scene_type": 1,
              "camera_position": "back",
              "lens_make": "Apple",
              "date_time_digitized": "2023:12:13 21:49:46",
              "date_time_original": "2023:12:13 21:49:46",
              "source_type": "library",
              "aperture": "1.6959938128383605",
              "shutter_speed": "4.907078161690708",
              "metering_mode": "5"
            }
          ]
        },
        "camera_metadata": {
          "has_camera_metadata": true
        }
      },
      "title": "Free \u00f0\u009f\u009a\u00aa",
      "cross_post_source": {
        "source_app": "FB"
      }
    },
    {
      "uri": "media/stories/202312/409759050_3429836590566486_5326128584328015681_n_18016756945969111.jpg",
      "creation_timestamp": 1702435319,
      "media_metadata": {
        "photo_metadata": {
          "exif_data": [
            {
              "iso": 400,
              "focal_length": "4.25",
              "lens_model": "iPhone XR back camera 4.25mm f/1.8",
              "software": "16.2",
              "device_id": "D6AF134A-DA96-4F2A-A0F3-40540025ACE3",
              "scene_type": 1,
              "camera_position": "back",
              "lens_make": "Apple",
              "date_time_digitized": "2023:12:12 21:41:30",
              "date_time_original": "2023:12:12 21:41:30",
              "source_type": "camera",
              "aperture": "1.6959938131099002",
              "shutter_speed": "5.322043515107504",
              "metering_mode": "5"
            }
          ]
        },
        "camera_metadata": {
          "has_camera_metadata": true
        }
      },
      "title": "Hmu for sum gorilla tag",
      "cross_post_source": {
        "source_app": "FB"
      }
    },
    {
      "uri": "media/stories/202309/FQIoAkMzLBdAFAAAAAAAABgSZGFzaF9iYXNlbGluZV8yX3YxEQB16AcA_18036383341495858",
      "creation_timestamp": 1693762230,
      "media_metadata": {
        "video_metadata": {
          "exif_data": [
            {
              "scene_capture_type": "standard",
              "device_id": "D6AF134A-DA96-4F2A-A0F3-40540025ACE3",
              "camera_position": "unknown",
              "source_type": "library"
            }
          ]
        },
        "camera_metadata": {
          "has_camera_metadata": false
        }
      },
      "title": "Are you in the market for custom apparel? Whether it\u00e2\u0080\u0099s a club, organization, business, or group of any kind\u00e2\u0080\u00a6 I\u00e2\u0080\u0099m here to help.\n\nFill out this form to get a quote:\n\nhttps://lnkd.in/eNqfsWTr",
      "cross_post_source": {
        "source_app": "FB"
      },
      "dubbing_info": [
        
      ]
    },
    {
      "uri": "media/stories/202309/FQIoAkMzLBdAFAAAAAAAABgSZGFzaF9iYXNlbGluZV8yX3YxEQB16AcA_17979967040421977",
      "creation_timestamp": 1693762227,
      "media_metadata": {
        "video_metadata": {
          "exif_data": [
            {
              "scene_capture_type": "standard",
              "device_id": "D6AF134A-DA96-4F2A-A0F3-40540025ACE3",
              "camera_position": "unknown",
              "source_type": "library"
            }
          ]
        },
        "camera_metadata": {
          "has_camera_metadata": false
        }
      },
      "title": "Are you in the market for custom apparel? Whether it\u00e2\u0080\u0099s a club, organization, business, or group of any kind\u00e2\u0080\u00a6 I\u00e2\u0080\u0099m here to help.\n\nFill out this form to get a quote:\n\nhttps://lnkd.in/eNqfsWTr",
      "cross_post_source": {
        "source_app": "FB"
      },
      "dubbing_info": [
        
      ]
    }
  ]
}