{
  "likes_comment_likes": [
    {
      "title": "spicyboifc",
      "string_list_data": [
        {
          "href": "https://www.instagram.com/p/C8ututhJeOz/",
          "value": "\u00f0\u009f\u0091\u008d",
          "timestamp": 1720022383
        }
      ]
    },
    {
      "title": "b.pr89_",
      "string_list_data": [
        {
          "href": "https://www.instagram.com/reel/C6MBgRYrUWN/",
          "value": "\u00f0\u009f\u0091\u008d",
          "timestamp": 1717128194
        }
      ]
    },
    {
      "title": "newcity_commercial_capital",
      "string_list_data": [
        {
          "href": "https://www.instagram.com/reel/C6MBgRYrUWN/",
          "value": "\u00f0\u009f\u0091\u008d",
          "timestamp": 1717128178
        }
      ]
    },
    {
      "title": "abrahambunga",
      "string_list_data": [
        {
          "href": "https://www.instagram.com/reel/C6bOWe7NPVf/",
          "value": "\u00f0\u009f\u0091\u008d",
          "timestamp": 1717025162
        }
      ]
    },
    {
      "title": "mmidavidpark",
      "string_list_data": [
        {
          "href": "https://www.instagram.com/p/C65EX9UI0hH/",
          "value": "\u00f0\u009f\u0091\u008d",
          "timestamp": 1715613086
        }
      ]
    },
    {
      "title": "marco_do_1998",
      "string_list_data": [
        {
          "href": "https://www.instagram.com/reel/C4e_EhxPrGt/",
          "value": "\u00f0\u009f\u0091\u008d",
          "timestamp": 1714347885
        }
      ]
    },
    {
      "title": "gremgod27",
      "string_list_data": [
        {
          "href": "https://www.instagram.com/reel/C6R_oicscpL/",
          "value": "\u00f0\u009f\u0091\u008d",
          "timestamp": 1714310354
        }
      ]
    },
    {
      "title": "andrew.maszera27",
      "string_list_data": [
        {
          "href": "https://www.instagram.com/p/C5bGUPPsQ2O/",
          "value": "\u00f0\u009f\u0091\u008d",
          "timestamp": 1714067497
        }
      ]
    },
    {
      "title": "krzysk_578",
      "string_list_data": [
        {
          "href": "https://www.instagram.com/reel/C5bnzdbOEGg/",
          "value": "\u00f0\u009f\u0091\u008d",
          "timestamp": 1714067143
        }
      ]
    },
    {
      "title": "retired__milfhunter69",
      "string_list_data": [
        {
          "href": "https://www.instagram.com/reel/C2-SKCTS1CD/",
          "value": "\u00f0\u009f\u0091\u008d",
          "timestamp": 1711582852
        }
      ]
    },
    {
      "title": "julesblieu",
      "string_list_data": [
        {
          "href": "https://www.instagram.com/reel/C4AnIjWLdSp/",
          "value": "\u00f0\u009f\u0091\u008d",
          "timestamp": 1710969978
        }
      ]
    },
    {
      "title": "lucasjp324",
      "string_list_data": [
        {
          "href": "https://www.instagram.com/p/C4YGAxuAiZN/",
          "value": "\u00f0\u009f\u0091\u008d",
          "timestamp": 1710191756
        }
      ]
    },
    {
      "title": "mmidavidpark",
      "string_list_data": [
        {
          "href": "https://www.instagram.com/p/C4YGAxuAiZN/",
          "value": "\u00f0\u009f\u0091\u008d",
          "timestamp": 1710191755
        }
      ]
    },
    {
      "title": "chasekelleyy",
      "string_list_data": [
        {
          "href": "https://www.instagram.com/p/C4YGAxuAiZN/",
          "value": "\u00f0\u009f\u0091\u008d",
          "timestamp": 1710191753
        }
      ]
    },
    {
      "title": "d.mullen",
      "string_list_data": [
        {
          "href": "https://www.instagram.com/p/CzO7Mr7NkfB/",
          "value": "\u00f0\u009f\u0091\u008d",
          "timestamp": 1704429699
        }
      ]
    },
    {
      "title": "alexander.scott.diego",
      "string_list_data": [
        {
          "href": "https://www.instagram.com/reel/C1ny8KiO-fy/",
          "value": "\u00f0\u009f\u0091\u008d",
          "timestamp": 1704377510
        }
      ]
    },
    {
      "title": "ndiamond7",
      "string_list_data": [
        {
          "href": "https://www.instagram.com/p/C1nQ-6Avt79/",
          "value": "\u00f0\u009f\u0091\u008d",
          "timestamp": 1704286914
        }
      ]
    },
    {
      "title": "dylanwalkker",
      "string_list_data": [
        {
          "href": "https://www.instagram.com/p/C1nQ-6Avt79/",
          "value": "\u00f0\u009f\u0091\u008d",
          "timestamp": 1704286911
        }
      ]
    },
    {
      "title": "xadrivn",
      "string_list_data": [
        {
          "href": "https://www.instagram.com/reel/C07mnXTr1cv/",
          "value": "\u00f0\u009f\u0091\u008d",
          "timestamp": 1704057031
        }
      ]
    },
    {
      "title": "charlielane02",
      "string_list_data": [
        {
          "href": "https://www.instagram.com/p/C1VWErVLJuz/",
          "value": "\u00f0\u009f\u0091\u008d",
          "timestamp": 1703636192
        }
      ]
    },
    {
      "title": "antthonynelson",
      "string_list_data": [
        {
          "href": "https://www.instagram.com/p/C1VWErVLJuz/",
          "value": "\u00f0\u009f\u0091\u008d",
          "timestamp": 1703632874
        }
      ]
    },
    {
      "title": "nickgrulke",
      "string_list_data": [
        {
          "href": "https://www.instagram.com/p/C1VWErVLJuz/",
          "value": "\u00f0\u009f\u0091\u008d",
          "timestamp": 1703632872
        }
      ]
    },
    {
      "title": "mmidavidpark",
      "string_list_data": [
        {
          "href": "https://www.instagram.com/p/C1VWErVLJuz/",
          "value": "\u00f0\u009f\u0091\u008d",
          "timestamp": 1703632871
        }
      ]
    },
    {
      "title": "sophnehme",
      "string_list_data": [
        {
          "href": "https://www.instagram.com/p/C1VWErVLJuz/",
          "value": "\u00f0\u009f\u0091\u008d",
          "timestamp": 1703632858
        }
      ]
    },
    {
      "title": "jacob.popolow",
      "string_list_data": [
        {
          "href": "https://www.instagram.com/p/C1VWErVLJuz/",
          "value": "\u00f0\u009f\u0091\u008d",
          "timestamp": 1703632855
        }
      ]
    },
    {
      "title": "sweatyj",
      "string_list_data": [
        {
          "href": "https://www.instagram.com/p/CzSPx0spnIG/",
          "value": "\u00f0\u009f\u0091\u008d",
          "timestamp": 1699332421
        }
      ]
    }
  ]
}