{
  "likes_media_likes": [
    {
      "title": "uptown.united",
      "string_list_data": [
        {
          "href": "https://www.instagram.com/p/C9ASp1Lx0Ni/",
          "value": "\u00f0\u009f\u0091\u008d",
          "timestamp": 1720107508
        }
      ]
    },
    {
      "title": "uptown.united",
      "string_list_data": [
        {
          "href": "https://www.instagram.com/p/C85OvMMPhIQ/",
          "value": "\u00f0\u009f\u0091\u008d",
          "timestamp": 1719978899
        }
      ]
    },
    {
      "title": "kvellercom",
      "string_list_data": [
        {
          "href": "https://www.instagram.com/reel/C5V_Zp3re1K/",
          "value": "\u00f0\u009f\u0091\u008d",
          "timestamp": 1719968475
        }
      ]
    },
    {
      "title": "nocontextphilly",
      "string_list_data": [
        {
          "href": "https://www.instagram.com/reel/C83zYJnu128/",
          "value": "\u00f0\u009f\u0091\u008d",
          "timestamp": 1719833330
        }
      ]
    },
    {
      "title": "hallie.keaveney",
      "string_list_data": [
        {
          "href": "https://www.instagram.com/p/C8jrwfKulcS/",
          "value": "\u00f0\u009f\u0091\u008d",
          "timestamp": 1719631387
        }
      ]
    },
    {
      "title": "hallie.keaveney",
      "string_list_data": [
        {
          "href": "https://www.instagram.com/p/C8A2ySIPjPs/",
          "value": "\u00f0\u009f\u0091\u008d",
          "timestamp": 1718106143
        }
      ]
    },
    {
      "title": "lawrencejohnsonn",
      "string_list_data": [
        {
          "href": "https://www.instagram.com/reel/C6eUJhdxf6Z/",
          "value": "\u00f0\u009f\u0091\u008d",
          "timestamp": 1717383874
        }
      ]
    },
    {
      "string_list_data": [
        {
          "href": "https://www.instagram.com/p/C62KQ7VNHAT/",
          "value": "\u00f0\u009f\u0091\u008d",
          "timestamp": 1717252396
        }
      ]
    },
    {
      "title": "yurii_yeltsov",
      "string_list_data": [
        {
          "href": "https://www.instagram.com/reel/C5XlC0It9rB/",
          "value": "\u00f0\u009f\u0091\u008d",
          "timestamp": 1717108670
        }
      ]
    },
    {
      "title": "drake.good.man",
      "string_list_data": [
        {
          "href": "https://www.instagram.com/p/C7kvbtnopvL/",
          "value": "\u00f0\u009f\u0091\u008d",
          "timestamp": 1717033039
        }
      ]
    },
    {
      "title": "jacquelineccohen",
      "string_list_data": [
        {
          "href": "https://www.instagram.com/p/C7iIRq9CDrp/",
          "value": "\u00f0\u009f\u0091\u008d",
          "timestamp": 1717000810
        }
      ]
    },
    {
      "title": "drake.good.man",
      "string_list_data": [
        {
          "href": "https://www.instagram.com/p/C7ZyesFy9ea/",
          "value": "\u00f0\u009f\u0091\u008d",
          "timestamp": 1716934973
        }
      ]
    },
    {
      "title": "mofarrell_913",
      "string_list_data": [
        {
          "href": "https://www.instagram.com/p/C7VX8p3uhOJ/",
          "value": "\u00f0\u009f\u0091\u008d",
          "timestamp": 1716925061
        }
      ]
    },
    {
      "title": "baptisteaudenaert",
      "string_list_data": [
        {
          "href": "https://www.instagram.com/p/C7Wxjcroc1b/",
          "value": "\u00f0\u009f\u0091\u008d",
          "timestamp": 1716925053
        }
      ]
    },
    {
      "title": "kevinvalido",
      "string_list_data": [
        {
          "href": "https://www.instagram.com/p/C7acm7yOHQm/",
          "value": "\u00f0\u009f\u0091\u008d",
          "timestamp": 1716925026
        }
      ]
    },
    {
      "title": "georgeadams_2",
      "string_list_data": [
        {
          "href": "https://www.instagram.com/p/C7fntWDIyRC/",
          "value": "\u00f0\u009f\u0091\u008d",
          "timestamp": 1716924918
        }
      ]
    },
    {
      "title": "_alanzhang_",
      "string_list_data": [
        {
          "href": "https://www.instagram.com/p/C7W3DbUOwXA/",
          "value": "\u00f0\u009f\u0091\u008d",
          "timestamp": 1716834707
        }
      ]
    },
    {
      "title": "aidanrussell17",
      "string_list_data": [
        {
          "href": "https://www.instagram.com/p/C7elKd_xGGk/",
          "value": "\u00f0\u009f\u0091\u008d",
          "timestamp": 1716834692
        }
      ]
    },
    {
      "title": "albertjangg",
      "string_list_data": [
        {
          "href": "https://www.instagram.com/p/C7Z94O2RXfP/",
          "value": "\u00f0\u009f\u0091\u008d",
          "timestamp": 1716750326
        }
      ]
    },
    {
      "title": "denisgallagher2",
      "string_list_data": [
        {
          "href": "https://www.instagram.com/p/C7O6oDLu3jq/",
          "value": "\u00f0\u009f\u0091\u008d",
          "timestamp": 1716302068
        }
      ]
    },
    {
      "title": "siennahorvath",
      "string_list_data": [
        {
          "href": "https://www.instagram.com/p/C7M3MDRJ9pU/",
          "value": "\u00f0\u009f\u0091\u008d",
          "timestamp": 1716245091
        }
      ]
    },
    {
      "title": "bepiz.man",
      "string_list_data": [
        {
          "href": "https://www.instagram.com/reel/C7IcjrUNU_e/",
          "value": "\u00f0\u009f\u0091\u008d",
          "timestamp": 1716155721
        }
      ]
    },
    {
      "title": "tasteatlas",
      "string_list_data": [
        {
          "href": "https://www.instagram.com/p/C6WHg-KM7uO/",
          "value": "\u00f0\u009f\u0091\u008d",
          "timestamp": 1716155719
        }
      ]
    },
    {
      "title": "chefsplateform_",
      "string_list_data": [
        {
          "href": "https://www.instagram.com/p/C6JP5a1IiuR/",
          "value": "\u00f0\u009f\u0091\u008d",
          "timestamp": 1716155716
        }
      ]
    },
    {
      "title": "madolinbergman",
      "string_list_data": [
        {
          "href": "https://www.instagram.com/p/C7Hb46QsAs1/",
          "value": "\u00f0\u009f\u0091\u008d",
          "timestamp": 1716155645
        }
      ]
    },
    {
      "title": "annagmetzger",
      "string_list_data": [
        {
          "href": "https://www.instagram.com/p/C7HrBevO-4F/",
          "value": "\u00f0\u009f\u0091\u008d",
          "timestamp": 1716155643
        }
      ]
    },
    {
      "title": "madeleinekparker",
      "string_list_data": [
        {
          "href": "https://www.instagram.com/p/C69bnHyv_Qq/",
          "value": "\u00f0\u009f\u0091\u008d",
          "timestamp": 1715924606
        }
      ]
    },
    {
      "title": "fritzthedev",
      "string_list_data": [
        {
          "href": "https://www.instagram.com/reel/C6DOiFuLdKB/",
          "value": "\u00f0\u009f\u0091\u008d",
          "timestamp": 1715637570
        }
      ]
    },
    {
      "title": "divyash_17",
      "string_list_data": [
        {
          "href": "https://www.instagram.com/p/C65Ez4QuwLj/",
          "value": "\u00f0\u009f\u0091\u008d",
          "timestamp": 1715568814
        }
      ]
    },
    {
      "title": "24hours24pong24",
      "string_list_data": [
        {
          "href": "https://www.instagram.com/p/C60IpUjtocj/",
          "value": "\u00f0\u009f\u0091\u008d",
          "timestamp": 1715566096
        }
      ]
    },
    {
      "title": "24hours24pong24",
      "string_list_data": [
        {
          "href": "https://www.instagram.com/p/C6iUnOTuK5n/",
          "value": "\u00f0\u009f\u0091\u008d",
          "timestamp": 1714957711
        }
      ]
    },
    {
      "title": "humoranimations0",
      "string_list_data": [
        {
          "href": "https://www.instagram.com/reel/C4VlFOvudP_/",
          "value": "\u00f0\u009f\u0091\u008d",
          "timestamp": 1714957361
        }
      ]
    },
    {
      "title": "denisgallagher2",
      "string_list_data": [
        {
          "href": "https://www.instagram.com/p/Cr_4A1Yridw/",
          "value": "\u00f0\u009f\u0091\u008d",
          "timestamp": 1714761253
        }
      ]
    },
    {
      "title": "disclosure",
      "string_list_data": [
        {
          "href": "https://www.instagram.com/p/C6eUTzTN0GN/",
          "value": "\u00f0\u009f\u0091\u008d",
          "timestamp": 1714686725
        }
      ]
    },
    {
      "title": "joshsweatfanclub",
      "string_list_data": [
        {
          "href": "https://www.instagram.com/p/C6Z1jVysII8/",
          "value": "\u00f0\u009f\u0091\u008d",
          "timestamp": 1714525114
        }
      ]
    },
    {
      "title": "arcstrive",
      "string_list_data": [
        {
          "href": "https://www.instagram.com/reel/C53q6Q8sTw2/",
          "value": "\u00f0\u009f\u0091\u008d",
          "timestamp": 1714450682
        }
      ]
    },
    {
      "title": "annathoffman",
      "string_list_data": [
        {
          "href": "https://www.instagram.com/p/C6PGN_fvRa-/",
          "value": "\u00f0\u009f\u0091\u008d",
          "timestamp": 1714231294
        }
      ]
    },
    {
      "title": "ballsbackig",
      "string_list_data": [
        {
          "href": "https://www.instagram.com/reel/C4yGArNOqfF/",
          "value": "\u00f0\u009f\u0091\u008d",
          "timestamp": 1714067855
        }
      ]
    },
    {
      "title": "mmidavidpark",
      "string_list_data": [
        {
          "href": "https://www.instagram.com/p/C6HVvGEpFNF/",
          "value": "\u00f0\u009f\u0091\u008d",
          "timestamp": 1713898301
        }
      ]
    },
    {
      "title": "dylanwalkker",
      "string_list_data": [
        {
          "href": "https://www.instagram.com/p/C59ijhuJKZL/",
          "value": "\u00f0\u009f\u0091\u008d",
          "timestamp": 1713572553
        }
      ]
    },
    {
      "title": "albertjangg",
      "string_list_data": [
        {
          "href": "https://www.instagram.com/p/C5l4nRwRROA/",
          "value": "\u00f0\u009f\u0091\u008d",
          "timestamp": 1712858445
        }
      ]
    },
    {
      "title": "dylanwalkker",
      "string_list_data": [
        {
          "href": "https://www.instagram.com/p/C5JsY1Mp2we/",
          "value": "\u00f0\u009f\u0091\u008d",
          "timestamp": 1712094627
        }
      ]
    },
    {
      "title": "kendallen17",
      "string_list_data": [
        {
          "href": "https://www.instagram.com/p/C5MwuHlrSlT/",
          "value": "\u00f0\u009f\u0091\u008d",
          "timestamp": 1712094339
        }
      ]
    },
    {
      "title": "pennsas",
      "string_list_data": [
        {
          "href": "https://www.instagram.com/p/C5B1au0ifAg/",
          "value": "\u00f0\u009f\u0091\u008d",
          "timestamp": 1712094087
        }
      ]
    },
    {
      "title": "anastasia.v.luk",
      "string_list_data": [
        {
          "href": "https://www.instagram.com/p/C4u_qmyoJFK/",
          "value": "\u00f0\u009f\u0091\u008d",
          "timestamp": 1710985297
        }
      ]
    },
    {
      "title": "tallguytycoon",
      "string_list_data": [
        {
          "href": "https://www.instagram.com/reel/C3laNngxca9/",
          "value": "\u00f0\u009f\u0091\u008d",
          "timestamp": 1710969789
        }
      ]
    },
    {
      "title": "maya.orenstein",
      "string_list_data": [
        {
          "href": "https://www.instagram.com/p/C4oaq-0v8Qj/",
          "value": "\u00f0\u009f\u0091\u008d",
          "timestamp": 1710805665
        }
      ]
    },
    {
      "title": "madeleinekparker",
      "string_list_data": [
        {
          "href": "https://www.instagram.com/p/C4eMt-GPlKH/",
          "value": "\u00f0\u009f\u0091\u008d",
          "timestamp": 1710390764
        }
      ]
    },
    {
      "title": "selma_nsioui",
      "string_list_data": [
        {
          "href": "https://www.instagram.com/p/C4a2WkbutET/",
          "value": "\u00f0\u009f\u0091\u008d",
          "timestamp": 1710269978
        }
      ]
    },
    {
      "title": "madolinbergman",
      "string_list_data": [
        {
          "href": "https://www.instagram.com/p/C4atuE1sLnZ/",
          "value": "\u00f0\u009f\u0091\u008d",
          "timestamp": 1710269970
        }
      ]
    },
    {
      "title": "claire.pave",
      "string_list_data": [
        {
          "href": "https://www.instagram.com/p/C4WSRkfuTux/",
          "value": "\u00f0\u009f\u0091\u008d",
          "timestamp": 1710179336
        }
      ]
    },
    {
      "title": "tlewis_17",
      "string_list_data": [
        {
          "href": "https://www.instagram.com/p/C4WRohAp6Wu/",
          "value": "\u00f0\u009f\u0091\u008d",
          "timestamp": 1710164348
        }
      ]
    },
    {
      "title": "tovatachau",
      "string_list_data": [
        {
          "href": "https://www.instagram.com/p/C4T3h4Zx0_q/",
          "value": "\u00f0\u009f\u0091\u008d",
          "timestamp": 1710078064
        }
      ]
    },
    {
      "title": "kendallen17",
      "string_list_data": [
        {
          "href": "https://www.instagram.com/p/C4RLn_EPJ6z/",
          "value": "\u00f0\u009f\u0091\u008d",
          "timestamp": 1710021613
        }
      ]
    },
    {
      "title": "dylanwalkker",
      "string_list_data": [
        {
          "href": "https://www.instagram.com/p/C4TNd6xOh_q/",
          "value": "\u00f0\u009f\u0091\u008d",
          "timestamp": 1710021561
        }
      ]
    },
    {
      "title": "julianamartino_",
      "string_list_data": [
        {
          "href": "https://www.instagram.com/p/C4TrOXnP2cc/",
          "value": "\u00f0\u009f\u0091\u008d",
          "timestamp": 1710021553
        }
      ]
    },
    {
      "title": "jacob.popolow",
      "string_list_data": [
        {
          "href": "https://www.instagram.com/p/C4ToP2lvinY/",
          "value": "\u00f0\u009f\u0091\u008d",
          "timestamp": 1710021544
        }
      ]
    },
    {
      "title": "allegra.hill",
      "string_list_data": [
        {
          "href": "https://www.instagram.com/p/C4OSKd9Mg1p/",
          "value": "\u00f0\u009f\u0091\u008d",
          "timestamp": 1709954010
        }
      ]
    },
    {
      "title": "selma_nsioui",
      "string_list_data": [
        {
          "href": "https://www.instagram.com/p/C4Jb-n-uNKm/",
          "value": "\u00f0\u009f\u0091\u008d",
          "timestamp": 1709679905
        }
      ]
    },
    {
      "title": "em.c.marks",
      "string_list_data": [
        {
          "href": "https://www.instagram.com/p/C3-r6yAr96K/",
          "value": "\u00f0\u009f\u0091\u008d",
          "timestamp": 1709363529
        }
      ]
    },
    {
      "title": "lexxweiss",
      "string_list_data": [
        {
          "href": "https://www.instagram.com/p/C2qU08SqvoW/",
          "value": "\u00f0\u009f\u0091\u008d",
          "timestamp": 1706771396
        }
      ]
    },
    {
      "title": "tovatachau",
      "string_list_data": [
        {
          "href": "https://www.instagram.com/p/C2n7IVax3eg/",
          "value": "\u00f0\u009f\u0091\u008d",
          "timestamp": 1706771389
        }
      ]
    },
    {
      "title": "skinny.spark",
      "string_list_data": [
        {
          "href": "https://www.instagram.com/reel/C17m9N4JEGF/",
          "value": "\u00f0\u009f\u0091\u008d",
          "timestamp": 1705158547
        }
      ]
    },
    {
      "title": "tovatachau",
      "string_list_data": [
        {
          "href": "https://www.instagram.com/p/C1vTlMDxm7I/",
          "value": "\u00f0\u009f\u0091\u008d",
          "timestamp": 1704502581
        }
      ]
    },
    {
      "title": "whosnextshow",
      "string_list_data": [
        {
          "href": "https://www.instagram.com/reel/C01_rasv-V1/",
          "value": "\u00f0\u009f\u0091\u008d",
          "timestamp": 1704242528
        }
      ]
    },
    {
      "title": "vale_celi",
      "string_list_data": [
        {
          "href": "https://www.instagram.com/p/C1lTjmDujoF/",
          "value": "\u00f0\u009f\u0091\u008d",
          "timestamp": 1704213500
        }
      ]
    },
    {
      "title": "avideeppradhan",
      "string_list_data": [
        {
          "href": "https://www.instagram.com/p/C1hnxinuJv-/",
          "value": "\u00f0\u009f\u0091\u008d",
          "timestamp": 1704113438
        }
      ]
    },
    {
      "title": "zeke.2124",
      "string_list_data": [
        {
          "href": "https://www.instagram.com/p/C1a7NNqu0KQ/",
          "value": "\u00f0\u009f\u0091\u008d",
          "timestamp": 1703818307
        }
      ]
    },
    {
      "title": "jeramiemr",
      "string_list_data": [
        {
          "href": "https://www.instagram.com/p/C1Zv6YGNqOB/",
          "value": "\u00f0\u009f\u0091\u008d",
          "timestamp": 1703795494
        }
      ]
    },
    {
      "title": "chriswillx",
      "string_list_data": [
        {
          "href": "https://www.instagram.com/reel/C0Kz7cqvDkv/",
          "value": "\u00f0\u009f\u0091\u008d",
          "timestamp": 1703290759
        }
      ]
    },
    {
      "title": "_anthonymontesdeoca",
      "string_list_data": [
        {
          "href": "https://www.instagram.com/p/C1IeYqvu8Pn/",
          "value": "\u00f0\u009f\u0091\u008d",
          "timestamp": 1703214396
        }
      ]
    },
    {
      "title": "lostboykal.v2",
      "string_list_data": [
        {
          "href": "https://www.instagram.com/reel/C0QTvDqNeAJ/",
          "value": "\u00f0\u009f\u0091\u008d",
          "timestamp": 1703211900
        }
      ]
    },
    {
      "title": "dailynbapoll",
      "string_list_data": [
        {
          "href": "https://www.instagram.com/reel/Cx-53XdMCJJ/",
          "value": "\u00f0\u009f\u0091\u008d",
          "timestamp": 1702880738
        }
      ]
    },
    {
      "title": "olivia.nicastro",
      "string_list_data": [
        {
          "href": "https://www.instagram.com/p/C0soedjoPIs/",
          "value": "\u00f0\u009f\u0091\u008d",
          "timestamp": 1702349294
        }
      ]
    },
    {
      "title": "slightedge",
      "string_list_data": [
        {
          "href": "https://www.instagram.com/p/CvpjsJvrXB0/",
          "value": "\u00f0\u009f\u0091\u008d",
          "timestamp": 1691443977
        }
      ]
    }
  ]
}