{
  "checkout_saved_recently_viewed_products": [
    {
      "string_map_data": {
        "Product Name": {
          "value": "True Red Hoodie"
        },
        "Merchant Name": {
          "value": "bearbulk2022"
        }
      }
    },
    {
      "string_map_data": {
        "Product Name": {
          "value": "LONG VIKING JORMUNGANDR SCALE LINK- STAINLESS STEEL"
        },
        "Merchant Name": {
          "value": "forged_invalhalla"
        }
      }
    },
    {
      "string_map_data": {
        "Product Name": {
          "value": "3D Wooden Puzzle - Revolver"
        },
        "Merchant Name": {
          "value": "nationalvmm"
        }
      }
    },
    {
      "string_map_data": {
        "Product Name": {
          "value": "The New 8oz Legendary Blueberry Fuego Moisturizer!"
        },
        "Merchant Name": {
          "value": "pb_the_goat_merch"
        }
      }
    },
    {
      "string_map_data": {
        "Product Name": {
          "value": "Black White Circle Tee"
        },
        "Merchant Name": {
          "value": "greatwoodunderwear"
        }
      }
    },
    {
      "string_map_data": {
        "Product Name": {
          "value": "Goat Drip Flawless Compression Cap!"
        },
        "Merchant Name": {
          "value": "pb_the_goat_merch"
        }
      }
    },
    {
      "string_map_data": {
        "Product Name": {
          "value": "1977 Vintage Relief Map of California | Shaded Relief Map"
        },
        "Merchant Name": {
          "value": "muirway"
        }
      }
    },
    {
      "string_map_data": {
        "Product Name": {
          "value": "Fish Scales Graters Scraper Cleaning Tool"
        },
        "Merchant Name": {
          "value": "momprostore"
        }
      }
    },
    {
      "string_map_data": {
        "Product Name": {
          "value": "Professional Student Metal Sign"
        },
        "Merchant Name": {
          "value": "caseashells"
        }
      }
    },
    {
      "string_map_data": {
        "Product Name": {
          "value": "Origin Performance Shorts - Storm Grey"
        },
        "Merchant Name": {
          "value": "bodcraft"
        }
      }
    },
    {
      "string_map_data": {
        "Product Name": {
          "value": "Sneaky Snake Hand Forged Garden Ornament-great for scaring birds away from your garden!"
        },
        "Merchant Name": {
          "value": "pleasantvalleyfarm"
        }
      }
    },
    {
      "string_map_data": {
        "Product Name": {
          "value": "Liu Kang (McFarlane, Mortal Kombat)"
        },
        "Merchant Name": {
          "value": "bitzbuttons"
        }
      }
    },
    {
      "string_map_data": {
        "Product Name": {
          "value": "Embroidered Cranes Cherry Blossoms  Streetwear T-shirt"
        },
        "Merchant Name": {
          "value": "saveontrend"
        }
      }
    },
    {
      "string_map_data": {
        "Product Name": {
          "value": "Weightless Flex Shorts - Black"
        },
        "Merchant Name": {
          "value": "elevatedessentialsusa"
        }
      }
    },
    {
      "string_map_data": {
        "Product Name": {
          "value": "Drippy AF1 Neon Glow in Dark"
        },
        "Merchant Name": {
          "value": "kendykicks.london"
        }
      }
    },
    {
      "string_map_data": {
        "Product Name": {
          "value": "Psychedelic Minds Tee - Black"
        },
        "Merchant Name": {
          "value": "cookecollective"
        }
      }
    },
    {
      "string_map_data": {
        "Product Name": {
          "value": "New Wave Capitol \u00e2\u0080\u0098UV1 MIST CANNON\u00e2\u0080\u0099"
        },
        "Merchant Name": {
          "value": "newwavecapitol"
        }
      }
    },
    {
      "string_map_data": {
        "Product Name": {
          "value": "Juna Romper"
        },
        "Merchant Name": {
          "value": "areyouami"
        }
      }
    },
    {
      "string_map_data": {
        "Product Name": {
          "value": "Axis Tee"
        },
        "Merchant Name": {
          "value": "byltbasics"
        }
      }
    },
    {
      "string_map_data": {
        "Product Name": {
          "value": "Performance Socks"
        },
        "Merchant Name": {
          "value": "actv016"
        }
      }
    },
    {
      "string_map_data": {
        "Product Name": {
          "value": "Vapor - Jet"
        },
        "Merchant Name": {
          "value": "neroglassofficial"
        }
      }
    },
    {
      "string_map_data": {
        "Product Name": {
          "value": "Drop-Cut: BYLT Signature"
        },
        "Merchant Name": {
          "value": "byltbasics"
        }
      }
    },
    {
      "string_map_data": {
        "Product Name": {
          "value": "Hawaiian Hat"
        },
        "Merchant Name": {
          "value": "trejostacos"
        }
      }
    },
    {
      "string_map_data": {
        "Product Name": {
          "value": "funny meme tee Classic Tee"
        },
        "Merchant Name": {
          "value": "springforcreators"
        }
      }
    },
    {
      "string_map_data": {
        "Product Name": {
          "value": "CLEARANCE Pursue Truth Unisex T-Shirt"
        },
        "Merchant Name": {
          "value": "involvdusa"
        }
      }
    },
    {
      "string_map_data": {
        "Product Name": {
          "value": "I Love It When My Wife Lets Me Go Mountain Biking"
        },
        "Merchant Name": {
          "value": "threadtank"
        }
      }
    },
    {
      "string_map_data": {
        "Product Name": {
          "value": "Kawaii My Hero Academia Hoodies Men Women Short Sleeve Sweatshirt Aizawa Shota Anime Manga Black Hoodies Tops Clothes"
        },
        "Merchant Name": {
          "value": "_urban_entertainment_"
        }
      }
    },
    {
      "string_map_data": {
        "Product Name": {
          "value": "THE  Bandeau"
        },
        "Merchant Name": {
          "value": "pretties"
        }
      }
    },
    {
      "string_map_data": {
        "Product Name": {
          "value": "Obsession Faux Leather Leggings Caramel"
        },
        "Merchant Name": {
          "value": "fashioneffectstore"
        }
      }
    },
    {
      "string_map_data": {
        "Product Name": {
          "value": "Sunshine Daydream Skirt \u00e2\u0098\u0085 Dusty Blue"
        },
        "Merchant Name": {
          "value": "shoprocknrags"
        }
      }
    }
  ]
}