{
  "text_post_app_text_post_app_follow_requests_received": [
    {
      "title": "",
      "media_list_data": [
        
      ],
      "string_list_data": [
        {
          "href": "https://www.threads.net/diegomadrid._",
          "value": "diegomadrid._",
          "timestamp": 1717592190
        }
      ]
    },
    {
      "title": "",
      "media_list_data": [
        
      ],
      "string_list_data": [
        {
          "href": "https://www.threads.net/gabrieljallo",
          "value": "gabrieljallo",
          "timestamp": 1714107559
        }
      ]
    },
    {
      "title": "",
      "media_list_data": [
        
      ],
      "string_list_data": [
        {
          "href": "https://www.threads.net/joshzeelander",
          "value": "joshzeelander",
          "timestamp": 1713910325
        }
      ]
    },
    {
      "title": "",
      "media_list_data": [
        
      ],
      "string_list_data": [
        {
          "href": "https://www.threads.net/mika.o_27",
          "value": "mika.o_27",
          "timestamp": 1707019070
        }
      ]
    },
    {
      "title": "",
      "media_list_data": [
        
      ],
      "string_list_data": [
        {
          "href": "https://www.threads.net/aidanpadala",
          "value": "aidanpadala",
          "timestamp": 1703127233
        }
      ]
    },
    {
      "title": "",
      "media_list_data": [
        
      ],
      "string_list_data": [
        {
          "href": "https://www.threads.net/jjames_hernandez",
          "value": "jjames_hernandez",
          "timestamp": 1700717026
        }
      ]
    },
    {
      "title": "",
      "media_list_data": [
        
      ],
      "string_list_data": [
        {
          "href": "https://www.threads.net/linc.the.sink_",
          "value": "linc.the.sink_",
          "timestamp": 1697302450
        }
      ]
    },
    {
      "title": "",
      "media_list_data": [
        
      ],
      "string_list_data": [
        {
          "href": "https://www.threads.net/alyssakanggg",
          "value": "alyssakanggg",
          "timestamp": 1692462866
        }
      ]
    },
    {
      "title": "",
      "media_list_data": [
        
      ],
      "string_list_data": [
        {
          "href": "https://www.threads.net/_jacob_morse",
          "value": "_jacob_morse",
          "timestamp": 1689994352
        }
      ]
    },
    {
      "title": "",
      "media_list_data": [
        
      ],
      "string_list_data": [
        {
          "href": "https://www.threads.net/pranavhpradeep",
          "value": "pranavhpradeep",
          "timestamp": 1689773004
        }
      ]
    },
    {
      "title": "",
      "media_list_data": [
        
      ],
      "string_list_data": [
        {
          "href": "https://www.threads.net/julianmgoldman",
          "value": "julianmgoldman",
          "timestamp": 1689193069
        }
      ]
    }
  ]
}