{
  "text_post_app_text_post_app_profile": [
    {
      "title": "",
      "media_map_data": {
        
      },
      "string_map_data": {
        "Bio": {
          "href": "",
          "value": "",
          "timestamp": 0
        },
        "Private Account": {
          "href": "",
          "value": "True",
          "timestamp": 0
        },
        "Links": {
          "href": "",
          "value": "",
          "timestamp": 0
        },
        "Onboarding Time": {
          "href": "",
          "value": "",
          "timestamp": 1717617454
        },
        "Is Eligible for Profile Activation Badge": {
          "href": "",
          "value": "False",
          "timestamp": 0
        },
        "Profile Shows Activation Badge": {
          "href": "",
          "value": "False",
          "timestamp": 0
        }
      }
    }
  ]
}