{
  "profile_account_insights": [
    {
      "title": "",
      "media_map_data": {
        
      },
      "string_map_data": {
        "Contact Syncing": {
          "href": "",
          "value": "True",
          "timestamp": 0
        },
        "First Country Code": {
          "href": "",
          "value": "US",
          "timestamp": 0
        },
        "Has Shared Live Video": {
          "href": "",
          "value": "False",
          "timestamp": 0
        },
        "Last Login": {
          "href": "",
          "value": "",
          "timestamp": 1719631358
        },
        "Last Logout": {
          "href": "",
          "value": "",
          "timestamp": 0
        },
        "First Story Time": {
          "href": "",
          "value": "",
          "timestamp": 1664812157
        },
        "Last Story Time": {
          "href": "",
          "value": "",
          "timestamp": 1713394237
        },
        "First Close Friends Story Time": {
          "href": "",
          "value": "",
          "timestamp": 0
        }
      }
    }
  ]
}