{
  "profile_user": [
    {
      "title": "User Information",
      "media_map_data": {
        "Profile Photo": {
          "uri": "media/profile/202205/280944330_1130807757464799_3346652093926521073_n_18002398276432654.jpg",
          "creation_timestamp": 1652733924,
          "media_metadata": {
            "camera_metadata": {
              "has_camera_metadata": false
            }
          },
          "title": "",
          "cross_post_source": {
            "source_app": "FB"
          }
        }
      },
      "string_map_data": {
        "Phone Number": {
          "href": "",
          "value": "+12152647477",
          "timestamp": 0
        },
        "Phone Confirmed": {
          "href": "",
          "value": "False",
          "timestamp": 0
        },
        "Phone Confirmation Method": {
          "href": "",
          "value": "Unconfirmed",
          "timestamp": 0
        },
        "Username": {
          "href": "",
          "value": "max_orenstein",
          "timestamp": 0
        },
        "Name": {
          "href": "",
          "value": "Max Orenstein",
          "timestamp": 0
        },
        "Bio": {
          "href": "",
          "value": "UPenn",
          "timestamp": 0
        },
        "Gender": {
          "href": "",
          "value": "unspecified",
          "timestamp": 0
        },
        "Date of birth": {
          "href": "",
          "value": "2003-02-03",
          "timestamp": 0
        },
        "Private Account": {
          "href": "",
          "value": "False",
          "timestamp": 0
        }
      }
    }
  ]
}