[
  {
    "media_list_data": [
      {
        "uri": ""
      }
    ],
    "string_map_data": {
      "Comment": {
        "value": "DO IT FOR THA CULTURE"
      },
      "Media Owner": {
        "value": "dylanwalkker"
      },
      "Time": {
        "timestamp": 1713572580
      }
    }
  },
  {
    "media_list_data": [
      {
        "uri": ""
      }
    ],
    "string_map_data": {
      "Comment": {
        "value": "@dannydonosok what did i tell u about that chedda \u00f0\u009f\u0099\u0084"
      },
      "Media Owner": {
        "value": "max_orenstein"
      },
      "Time": {
        "timestamp": 1688409001
      }
    }
  },
  {
    "media_list_data": [
      {
        "uri": ""
      }
    ],
    "string_map_data": {
      "Comment": {
        "value": "@benistvan first"
      },
      "Media Owner": {
        "value": "lucasjp324"
      },
      "Time": {
        "timestamp": 1676919834
      }
    }
  }
]