[
  {
    "title": "",
    "media_list_data": [
      
    ],
    "string_list_data": [
      {
        "href": "https://www.instagram.com/kaynes._",
        "value": "kaynes._",
        "timestamp": 1720152884
      }
    ]
  },
  {
    "title": "",
    "media_list_data": [
      
    ],
    "string_list_data": [
      {
        "href": "https://www.instagram.com/fairmount_soccer",
        "value": "fairmount_soccer",
        "timestamp": 1719871290
      }
    ]
  },
  {
    "title": "",
    "media_list_data": [
      
    ],
    "string_list_data": [
      {
        "href": "https://www.instagram.com/uptown.united",
        "value": "uptown.united",
        "timestamp": 1719790976
      }
    ]
  },
  {
    "title": "",
    "media_list_data": [
      
    ],
    "string_list_data": [
      {
        "href": "https://www.instagram.com/mollyhecht",
        "value": "mollyhecht",
        "timestamp": 1718934583
      }
    ]
  },
  {
    "title": "",
    "media_list_data": [
      
    ],
    "string_list_data": [
      {
        "href": "https://www.instagram.com/jackson_mcaliley",
        "value": "jackson_mcaliley",
        "timestamp": 1718741220
      }
    ]
  },
  {
    "title": "",
    "media_list_data": [
      
    ],
    "string_list_data": [
      {
        "href": "https://www.instagram.com/lucykgale",
        "value": "lucykgale",
        "timestamp": 1717824331
      }
    ]
  },
  {
    "title": "",
    "media_list_data": [
      
    ],
    "string_list_data": [
      {
        "href": "https://www.instagram.com/hallie.keaveney",
        "value": "hallie.keaveney",
        "timestamp": 1716838865
      }
    ]
  },
  {
    "title": "",
    "media_list_data": [
      
    ],
    "string_list_data": [
      {
        "href": "https://www.instagram.com/milosworld666",
        "value": "milosworld666",
        "timestamp": 1716736578
      }
    ]
  },
  {
    "title": "",
    "media_list_data": [
      
    ],
    "string_list_data": [
      {
        "href": "https://www.instagram.com/zoey_lowe",
        "value": "zoey_lowe",
        "timestamp": 1716727998
      }
    ]
  },
  {
    "title": "",
    "media_list_data": [
      
    ],
    "string_list_data": [
      {
        "href": "https://www.instagram.com/benistvan",
        "value": "benistvan",
        "timestamp": 1716295200
      }
    ]
  },
  {
    "title": "",
    "media_list_data": [
      
    ],
    "string_list_data": [
      {
        "href": "https://www.instagram.com/denisgallagher2",
        "value": "denisgallagher2",
        "timestamp": 1714692393
      }
    ]
  },
  {
    "title": "",
    "media_list_data": [
      
    ],
    "string_list_data": [
      {
        "href": "https://www.instagram.com/jovin_salala",
        "value": "jovin_salala",
        "timestamp": 1712860422
      }
    ]
  },
  {
    "title": "",
    "media_list_data": [
      
    ],
    "string_list_data": [
      {
        "href": "https://www.instagram.com/billiams_wang",
        "value": "billiams_wang",
        "timestamp": 1712794343
      }
    ]
  },
  {
    "title": "",
    "media_list_data": [
      
    ],
    "string_list_data": [
      {
        "href": "https://www.instagram.com/willkranenburg",
        "value": "willkranenburg",
        "timestamp": 1712794288
      }
    ]
  },
  {
    "title": "",
    "media_list_data": [
      
    ],
    "string_list_data": [
      {
        "href": "https://www.instagram.com/albertjangg",
        "value": "albertjangg",
        "timestamp": 1712794280
      }
    ]
  },
  {
    "title": "",
    "media_list_data": [
      
    ],
    "string_list_data": [
      {
        "href": "https://www.instagram.com/abjeezy",
        "value": "abjeezy",
        "timestamp": 1712713835
      }
    ]
  },
  {
    "title": "",
    "media_list_data": [
      
    ],
    "string_list_data": [
      {
        "href": "https://www.instagram.com/e_quv",
        "value": "e_quv",
        "timestamp": 1712530997
      }
    ]
  },
  {
    "title": "",
    "media_list_data": [
      
    ],
    "string_list_data": [
      {
        "href": "https://www.instagram.com/andyburstein",
        "value": "andyburstein",
        "timestamp": 1712245133
      }
    ]
  },
  {
    "title": "",
    "media_list_data": [
      
    ],
    "string_list_data": [
      {
        "href": "https://www.instagram.com/wendyjumpjumpjump",
        "value": "wendyjumpjumpjump",
        "timestamp": 1712091706
      }
    ]
  },
  {
    "title": "",
    "media_list_data": [
      
    ],
    "string_list_data": [
      {
        "href": "https://www.instagram.com/deckles23",
        "value": "deckles23",
        "timestamp": 1712085939
      }
    ]
  },
  {
    "title": "",
    "media_list_data": [
      
    ],
    "string_list_data": [
      {
        "href": "https://www.instagram.com/juleswheelrr",
        "value": "juleswheelrr",
        "timestamp": 1711996483
      }
    ]
  },
  {
    "title": "",
    "media_list_data": [
      
    ],
    "string_list_data": [
      {
        "href": "https://www.instagram.com/maxdingli",
        "value": "maxdingli",
        "timestamp": 1711733138
      }
    ]
  },
  {
    "title": "",
    "media_list_data": [
      
    ],
    "string_list_data": [
      {
        "href": "https://www.instagram.com/liam_campbell54",
        "value": "liam_campbell54",
        "timestamp": 1711310999
      }
    ]
  },
  {
    "title": "",
    "media_list_data": [
      
    ],
    "string_list_data": [
      {
        "href": "https://www.instagram.com/drexelvarsitytennis",
        "value": "drexelvarsitytennis",
        "timestamp": 1710732276
      }
    ]
  },
  {
    "title": "",
    "media_list_data": [
      
    ],
    "string_list_data": [
      {
        "href": "https://www.instagram.com/anna.boeck",
        "value": "anna.boeck",
        "timestamp": 1710698815
      }
    ]
  },
  {
    "title": "",
    "media_list_data": [
      
    ],
    "string_list_data": [
      {
        "href": "https://www.instagram.com/_alanzhang_",
        "value": "_alanzhang_",
        "timestamp": 1709257640
      }
    ]
  },
  {
    "title": "",
    "media_list_data": [
      
    ],
    "string_list_data": [
      {
        "href": "https://www.instagram.com/jarodrejonis",
        "value": "jarodrejonis",
        "timestamp": 1708901777
      }
    ]
  },
  {
    "title": "",
    "media_list_data": [
      
    ],
    "string_list_data": [
      {
        "href": "https://www.instagram.com/jj_brave",
        "value": "jj_brave",
        "timestamp": 1708389950
      }
    ]
  },
  {
    "title": "",
    "media_list_data": [
      
    ],
    "string_list_data": [
      {
        "href": "https://www.instagram.com/c_efantuzzo",
        "value": "c_efantuzzo",
        "timestamp": 1708370864
      }
    ]
  },
  {
    "title": "",
    "media_list_data": [
      
    ],
    "string_list_data": [
      {
        "href": "https://www.instagram.com/em.c.marks",
        "value": "em.c.marks",
        "timestamp": 1708061240
      }
    ]
  },
  {
    "title": "",
    "media_list_data": [
      
    ],
    "string_list_data": [
      {
        "href": "https://www.instagram.com/divyash_17",
        "value": "divyash_17",
        "timestamp": 1707595301
      }
    ]
  },
  {
    "title": "",
    "media_list_data": [
      
    ],
    "string_list_data": [
      {
        "href": "https://www.instagram.com/madolinbergman",
        "value": "madolinbergman",
        "timestamp": 1707461921
      }
    ]
  },
  {
    "title": "",
    "media_list_data": [
      
    ],
    "string_list_data": [
      {
        "href": "https://www.instagram.com/ricoooo_2x",
        "value": "ricoooo_2x",
        "timestamp": 1707198017
      }
    ]
  },
  {
    "title": "",
    "media_list_data": [
      
    ],
    "string_list_data": [
      {
        "href": "https://www.instagram.com/dylannkangg",
        "value": "dylannkangg",
        "timestamp": 1707002827
      }
    ]
  },
  {
    "title": "",
    "media_list_data": [
      
    ],
    "string_list_data": [
      {
        "href": "https://www.instagram.com/lils_ilv",
        "value": "lils_ilv",
        "timestamp": 1706982297
      }
    ]
  },
  {
    "title": "",
    "media_list_data": [
      
    ],
    "string_list_data": [
      {
        "href": "https://www.instagram.com/sakyomaeda",
        "value": "sakyomaeda",
        "timestamp": 1706839783
      }
    ]
  },
  {
    "title": "",
    "media_list_data": [
      
    ],
    "string_list_data": [
      {
        "href": "https://www.instagram.com/birddogsshorts",
        "value": "birddogsshorts",
        "timestamp": 1705526426
      }
    ]
  },
  {
    "title": "",
    "media_list_data": [
      
    ],
    "string_list_data": [
      {
        "href": "https://www.instagram.com/tasha__anderson_",
        "value": "tasha__anderson_",
        "timestamp": 1705523382
      }
    ]
  },
  {
    "title": "",
    "media_list_data": [
      
    ],
    "string_list_data": [
      {
        "href": "https://www.instagram.com/twilson04_",
        "value": "twilson04_",
        "timestamp": 1705172321
      }
    ]
  },
  {
    "title": "",
    "media_list_data": [
      
    ],
    "string_list_data": [
      {
        "href": "https://www.instagram.com/cucarachos",
        "value": "cucarachos",
        "timestamp": 1705074164
      }
    ]
  },
  {
    "title": "",
    "media_list_data": [
      
    ],
    "string_list_data": [
      {
        "href": "https://www.instagram.com/skinny.spark",
        "value": "skinny.spark",
        "timestamp": 1704916580
      }
    ]
  },
  {
    "title": "",
    "media_list_data": [
      
    ],
    "string_list_data": [
      {
        "href": "https://www.instagram.com/caleb.silvermann",
        "value": "caleb.silvermann",
        "timestamp": 1704585989
      }
    ]
  },
  {
    "title": "",
    "media_list_data": [
      
    ],
    "string_list_data": [
      {
        "href": "https://www.instagram.com/maya.orenstein",
        "value": "maya.orenstein",
        "timestamp": 1704318797
      }
    ]
  },
  {
    "title": "",
    "media_list_data": [
      
    ],
    "string_list_data": [
      {
        "href": "https://www.instagram.com/brycemillz",
        "value": "brycemillz",
        "timestamp": 1703978922
      }
    ]
  },
  {
    "title": "",
    "media_list_data": [
      
    ],
    "string_list_data": [
      {
        "href": "https://www.instagram.com/kay.correll",
        "value": "kay.correll",
        "timestamp": 1703976891
      }
    ]
  },
  {
    "title": "",
    "media_list_data": [
      
    ],
    "string_list_data": [
      {
        "href": "https://www.instagram.com/vale_celi",
        "value": "vale_celi",
        "timestamp": 1703650118
      }
    ]
  },
  {
    "title": "",
    "media_list_data": [
      
    ],
    "string_list_data": [
      {
        "href": "https://www.instagram.com/mayya.hurst",
        "value": "mayya.hurst",
        "timestamp": 1703318907
      }
    ]
  },
  {
    "title": "",
    "media_list_data": [
      
    ],
    "string_list_data": [
      {
        "href": "https://www.instagram.com/tovatachau",
        "value": "tovatachau",
        "timestamp": 1703297445
      }
    ]
  },
  {
    "title": "",
    "media_list_data": [
      
    ],
    "string_list_data": [
      {
        "href": "https://www.instagram.com/wilgree3",
        "value": "wilgree3",
        "timestamp": 1702953258
      }
    ]
  },
  {
    "title": "",
    "media_list_data": [
      
    ],
    "string_list_data": [
      {
        "href": "https://www.instagram.com/luchabte",
        "value": "luchabte",
        "timestamp": 1702872133
      }
    ]
  },
  {
    "title": "",
    "media_list_data": [
      
    ],
    "string_list_data": [
      {
        "href": "https://www.instagram.com/lexxweiss",
        "value": "lexxweiss",
        "timestamp": 1702328829
      }
    ]
  },
  {
    "title": "",
    "media_list_data": [
      
    ],
    "string_list_data": [
      {
        "href": "https://www.instagram.com/sophiajacobss",
        "value": "sophiajacobss",
        "timestamp": 1702262076
      }
    ]
  },
  {
    "title": "",
    "media_list_data": [
      
    ],
    "string_list_data": [
      {
        "href": "https://www.instagram.com/deannyao",
        "value": "deannyao",
        "timestamp": 1700691445
      }
    ]
  },
  {
    "title": "",
    "media_list_data": [
      
    ],
    "string_list_data": [
      {
        "href": "https://www.instagram.com/denise.s.wolf",
        "value": "denise.s.wolf",
        "timestamp": 1700055134
      }
    ]
  },
  {
    "title": "",
    "media_list_data": [
      
    ],
    "string_list_data": [
      {
        "href": "https://www.instagram.com/penncheeseclub",
        "value": "penncheeseclub",
        "timestamp": 1699327844
      }
    ]
  },
  {
    "title": "",
    "media_list_data": [
      
    ],
    "string_list_data": [
      {
        "href": "https://www.instagram.com/claire.pave",
        "value": "claire.pave",
        "timestamp": 1699220875
      }
    ]
  },
  {
    "title": "",
    "media_list_data": [
      
    ],
    "string_list_data": [
      {
        "href": "https://www.instagram.com/kaii.wang",
        "value": "kaii.wang",
        "timestamp": 1698498372
      }
    ]
  },
  {
    "title": "",
    "media_list_data": [
      
    ],
    "string_list_data": [
      {
        "href": "https://www.instagram.com/pennhillel",
        "value": "pennhillel",
        "timestamp": 1695928072
      }
    ]
  },
  {
    "title": "",
    "media_list_data": [
      
    ],
    "string_list_data": [
      {
        "href": "https://www.instagram.com/emmashockley_",
        "value": "emmashockley_",
        "timestamp": 1694905913
      }
    ]
  },
  {
    "title": "",
    "media_list_data": [
      
    ],
    "string_list_data": [
      {
        "href": "https://www.instagram.com/martine.haas.3",
        "value": "martine.haas.3",
        "timestamp": 1693782763
      }
    ]
  },
  {
    "title": "",
    "media_list_data": [
      
    ],
    "string_list_data": [
      {
        "href": "https://www.instagram.com/bar_haaso",
        "value": "bar_haaso",
        "timestamp": 1693089962
      }
    ]
  },
  {
    "title": "",
    "media_list_data": [
      
    ],
    "string_list_data": [
      {
        "href": "https://www.instagram.com/mika.o_27",
        "value": "mika.o_27",
        "timestamp": 1693089949
      }
    ]
  },
  {
    "title": "",
    "media_list_data": [
      
    ],
    "string_list_data": [
      {
        "href": "https://www.instagram.com/makhijoseph",
        "value": "makhijoseph",
        "timestamp": 1692988710
      }
    ]
  },
  {
    "title": "",
    "media_list_data": [
      
    ],
    "string_list_data": [
      {
        "href": "https://www.instagram.com/chabadatpenn",
        "value": "chabadatpenn",
        "timestamp": 1692915874
      }
    ]
  },
  {
    "title": "",
    "media_list_data": [
      
    ],
    "string_list_data": [
      {
        "href": "https://www.instagram.com/johnludwig_",
        "value": "johnludwig_",
        "timestamp": 1691427294
      }
    ]
  },
  {
    "title": "",
    "media_list_data": [
      
    ],
    "string_list_data": [
      {
        "href": "https://www.instagram.com/rectorhaven",
        "value": "rectorhaven",
        "timestamp": 1690377020
      }
    ]
  }
]