{
  "relationships_following": [
    {
      "title": "",
      "media_list_data": [
        
      ],
      "string_list_data": [
        {
          "href": "https://www.instagram.com/kaynes._",
          "value": "kaynes._",
          "timestamp": 1720213210
        }
      ]
    },
    {
      "title": "",
      "media_list_data": [
        
      ],
      "string_list_data": [
        {
          "href": "https://www.instagram.com/casasoccerphilly",
          "value": "casasoccerphilly",
          "timestamp": 1719973579
        }
      ]
    },
    {
      "title": "",
      "media_list_data": [
        
      ],
      "string_list_data": [
        {
          "href": "https://www.instagram.com/fairmount_soccer",
          "value": "fairmount_soccer",
          "timestamp": 1719973565
        }
      ]
    },
    {
      "title": "",
      "media_list_data": [
        
      ],
      "string_list_data": [
        {
          "href": "https://www.instagram.com/uptown.united",
          "value": "uptown.united",
          "timestamp": 1719833287
        }
      ]
    },
    {
      "title": "",
      "media_list_data": [
        
      ],
      "string_list_data": [
        {
          "href": "https://www.instagram.com/mollyhecht",
          "value": "mollyhecht",
          "timestamp": 1718940292
        }
      ]
    },
    {
      "title": "",
      "media_list_data": [
        
      ],
      "string_list_data": [
        {
          "href": "https://www.instagram.com/jackson_mcaliley",
          "value": "jackson_mcaliley",
          "timestamp": 1718850872
        }
      ]
    },
    {
      "title": "",
      "media_list_data": [
        
      ],
      "string_list_data": [
        {
          "href": "https://www.instagram.com/lucykgale",
          "value": "lucykgale",
          "timestamp": 1717824328
        }
      ]
    },
    {
      "title": "",
      "media_list_data": [
        
      ],
      "string_list_data": [
        {
          "href": "https://www.instagram.com/hallie.keaveney",
          "value": "hallie.keaveney",
          "timestamp": 1716834792
        }
      ]
    },
    {
      "title": "",
      "media_list_data": [
        
      ],
      "string_list_data": [
        {
          "href": "https://www.instagram.com/benistvan",
          "value": "benistvan",
          "timestamp": 1716295198
        }
      ]
    },
    {
      "title": "",
      "media_list_data": [
        
      ],
      "string_list_data": [
        {
          "href": "https://www.instagram.com/emmabryntesson",
          "value": "emmabryntesson",
          "timestamp": 1715998387
        }
      ]
    },
    {
      "title": "",
      "media_list_data": [
        
      ],
      "string_list_data": [
        {
          "href": "https://www.instagram.com/benchchicken",
          "value": "benchchicken",
          "timestamp": 1715094654
        }
      ]
    },
    {
      "title": "",
      "media_list_data": [
        
      ],
      "string_list_data": [
        {
          "href": "https://www.instagram.com/denisgallagher2",
          "value": "denisgallagher2",
          "timestamp": 1714751789
        }
      ]
    },
    {
      "title": "",
      "media_list_data": [
        
      ],
      "string_list_data": [
        {
          "href": "https://www.instagram.com/jovin_salala",
          "value": "jovin_salala",
          "timestamp": 1712860422
        }
      ]
    },
    {
      "title": "",
      "media_list_data": [
        
      ],
      "string_list_data": [
        {
          "href": "https://www.instagram.com/ricoooo_2x",
          "value": "ricoooo_2x",
          "timestamp": 1712858490
        }
      ]
    },
    {
      "title": "",
      "media_list_data": [
        
      ],
      "string_list_data": [
        {
          "href": "https://www.instagram.com/willkranenburg",
          "value": "willkranenburg",
          "timestamp": 1712795922
        }
      ]
    },
    {
      "title": "",
      "media_list_data": [
        
      ],
      "string_list_data": [
        {
          "href": "https://www.instagram.com/billiams_wang",
          "value": "billiams_wang",
          "timestamp": 1712794342
        }
      ]
    },
    {
      "title": "",
      "media_list_data": [
        
      ],
      "string_list_data": [
        {
          "href": "https://www.instagram.com/albertjangg",
          "value": "albertjangg",
          "timestamp": 1712794297
        }
      ]
    },
    {
      "title": "",
      "media_list_data": [
        
      ],
      "string_list_data": [
        {
          "href": "https://www.instagram.com/abjeezy",
          "value": "abjeezy",
          "timestamp": 1712756550
        }
      ]
    },
    {
      "title": "",
      "media_list_data": [
        
      ],
      "string_list_data": [
        {
          "href": "https://www.instagram.com/e_quv",
          "value": "e_quv",
          "timestamp": 1712536823
        }
      ]
    },
    {
      "title": "",
      "media_list_data": [
        
      ],
      "string_list_data": [
        {
          "href": "https://www.instagram.com/drexelvarsitytennis",
          "value": "drexelvarsitytennis",
          "timestamp": 1712519284
        }
      ]
    },
    {
      "title": "",
      "media_list_data": [
        
      ],
      "string_list_data": [
        {
          "href": "https://www.instagram.com/andyburstein",
          "value": "andyburstein",
          "timestamp": 1712258896
        }
      ]
    },
    {
      "title": "",
      "media_list_data": [
        
      ],
      "string_list_data": [
        {
          "href": "https://www.instagram.com/deckles23",
          "value": "deckles23",
          "timestamp": 1712094023
        }
      ]
    },
    {
      "title": "",
      "media_list_data": [
        
      ],
      "string_list_data": [
        {
          "href": "https://www.instagram.com/wendyjumpjumpjump",
          "value": "wendyjumpjumpjump",
          "timestamp": 1712094022
        }
      ]
    },
    {
      "title": "",
      "media_list_data": [
        
      ],
      "string_list_data": [
        {
          "href": "https://www.instagram.com/juleswheelrr",
          "value": "juleswheelrr",
          "timestamp": 1711996481
        }
      ]
    },
    {
      "title": "",
      "media_list_data": [
        
      ],
      "string_list_data": [
        {
          "href": "https://www.instagram.com/hardestgeezer",
          "value": "hardestgeezer",
          "timestamp": 1711668736
        }
      ]
    },
    {
      "title": "",
      "media_list_data": [
        
      ],
      "string_list_data": [
        {
          "href": "https://www.instagram.com/liam_campbell54",
          "value": "liam_campbell54",
          "timestamp": 1711630692
        }
      ]
    },
    {
      "title": "",
      "media_list_data": [
        
      ],
      "string_list_data": [
        {
          "href": "https://www.instagram.com/24hours24pong24",
          "value": "24hours24pong24",
          "timestamp": 1711261264
        }
      ]
    },
    {
      "title": "",
      "media_list_data": [
        
      ],
      "string_list_data": [
        {
          "href": "https://www.instagram.com/ogracce",
          "value": "ogracce",
          "timestamp": 1709832554
        }
      ]
    },
    {
      "title": "",
      "media_list_data": [
        
      ],
      "string_list_data": [
        {
          "href": "https://www.instagram.com/_alanzhang_",
          "value": "_alanzhang_",
          "timestamp": 1709393318
        }
      ]
    },
    {
      "title": "",
      "media_list_data": [
        
      ],
      "string_list_data": [
        {
          "href": "https://www.instagram.com/jarodrejonis",
          "value": "jarodrejonis",
          "timestamp": 1709183415
        }
      ]
    },
    {
      "title": "",
      "media_list_data": [
        
      ],
      "string_list_data": [
        {
          "href": "https://www.instagram.com/upennsae",
          "value": "upennsae",
          "timestamp": 1708537056
        }
      ]
    },
    {
      "title": "",
      "media_list_data": [
        
      ],
      "string_list_data": [
        {
          "href": "https://www.instagram.com/jj_brave",
          "value": "jj_brave",
          "timestamp": 1708389948
        }
      ]
    },
    {
      "title": "",
      "media_list_data": [
        
      ],
      "string_list_data": [
        {
          "href": "https://www.instagram.com/em.c.marks",
          "value": "em.c.marks",
          "timestamp": 1708198648
        }
      ]
    },
    {
      "title": "",
      "media_list_data": [
        
      ],
      "string_list_data": [
        {
          "href": "https://www.instagram.com/divyash_17",
          "value": "divyash_17",
          "timestamp": 1707922385
        }
      ]
    },
    {
      "title": "",
      "media_list_data": [
        
      ],
      "string_list_data": [
        {
          "href": "https://www.instagram.com/madolinbergman",
          "value": "madolinbergman",
          "timestamp": 1707461917
        }
      ]
    },
    {
      "title": "",
      "media_list_data": [
        
      ],
      "string_list_data": [
        {
          "href": "https://www.instagram.com/sakyomaeda",
          "value": "sakyomaeda",
          "timestamp": 1706989636
        }
      ]
    },
    {
      "title": "",
      "media_list_data": [
        
      ],
      "string_list_data": [
        {
          "href": "https://www.instagram.com/lils_ilv",
          "value": "lils_ilv",
          "timestamp": 1706982294
        }
      ]
    },
    {
      "title": "",
      "media_list_data": [
        
      ],
      "string_list_data": [
        {
          "href": "https://www.instagram.com/twilson04_",
          "value": "twilson04_",
          "timestamp": 1706066383
        }
      ]
    },
    {
      "title": "",
      "media_list_data": [
        
      ],
      "string_list_data": [
        {
          "href": "https://www.instagram.com/birddogsshorts",
          "value": "birddogsshorts",
          "timestamp": 1705510203
        }
      ]
    },
    {
      "title": "",
      "media_list_data": [
        
      ],
      "string_list_data": [
        {
          "href": "https://www.instagram.com/skinny.spark",
          "value": "skinny.spark",
          "timestamp": 1705028803
        }
      ]
    },
    {
      "title": "",
      "media_list_data": [
        
      ],
      "string_list_data": [
        {
          "href": "https://www.instagram.com/maya.orenstein",
          "value": "maya.orenstein",
          "timestamp": 1704339402
        }
      ]
    },
    {
      "title": "",
      "media_list_data": [
        
      ],
      "string_list_data": [
        {
          "href": "https://www.instagram.com/brycemillz",
          "value": "brycemillz",
          "timestamp": 1703978921
        }
      ]
    },
    {
      "title": "",
      "media_list_data": [
        
      ],
      "string_list_data": [
        {
          "href": "https://www.instagram.com/kay.correll",
          "value": "kay.correll",
          "timestamp": 1703976880
        }
      ]
    },
    {
      "title": "",
      "media_list_data": [
        
      ],
      "string_list_data": [
        {
          "href": "https://www.instagram.com/vale_celi",
          "value": "vale_celi",
          "timestamp": 1703804124
        }
      ]
    },
    {
      "title": "",
      "media_list_data": [
        
      ],
      "string_list_data": [
        {
          "href": "https://www.instagram.com/tovatachau",
          "value": "tovatachau",
          "timestamp": 1703297441
        }
      ]
    },
    {
      "title": "",
      "media_list_data": [
        
      ],
      "string_list_data": [
        {
          "href": "https://www.instagram.com/mayya.hurst",
          "value": "mayya.hurst",
          "timestamp": 1703260318
        }
      ]
    },
    {
      "title": "",
      "media_list_data": [
        
      ],
      "string_list_data": [
        {
          "href": "https://www.instagram.com/wilgree3",
          "value": "wilgree3",
          "timestamp": 1702953361
        }
      ]
    },
    {
      "title": "",
      "media_list_data": [
        
      ],
      "string_list_data": [
        {
          "href": "https://www.instagram.com/luchabte",
          "value": "luchabte",
          "timestamp": 1702911863
        }
      ]
    },
    {
      "title": "",
      "media_list_data": [
        
      ],
      "string_list_data": [
        {
          "href": "https://www.instagram.com/lexxweiss",
          "value": "lexxweiss",
          "timestamp": 1702328828
        }
      ]
    },
    {
      "title": "",
      "media_list_data": [
        
      ],
      "string_list_data": [
        {
          "href": "https://www.instagram.com/sophiajacobss",
          "value": "sophiajacobss",
          "timestamp": 1702265534
        }
      ]
    },
    {
      "title": "",
      "media_list_data": [
        
      ],
      "string_list_data": [
        {
          "href": "https://www.instagram.com/deannyao",
          "value": "deannyao",
          "timestamp": 1700699369
        }
      ]
    },
    {
      "title": "",
      "media_list_data": [
        
      ],
      "string_list_data": [
        {
          "href": "https://www.instagram.com/penncheeseclub",
          "value": "penncheeseclub",
          "timestamp": 1699371773
        }
      ]
    },
    {
      "title": "",
      "media_list_data": [
        
      ],
      "string_list_data": [
        {
          "href": "https://www.instagram.com/sweatyj",
          "value": "sweatyj",
          "timestamp": 1699332457
        }
      ]
    },
    {
      "title": "",
      "media_list_data": [
        
      ],
      "string_list_data": [
        {
          "href": "https://www.instagram.com/claire.pave",
          "value": "claire.pave",
          "timestamp": 1699220873
        }
      ]
    },
    {
      "title": "",
      "media_list_data": [
        
      ],
      "string_list_data": [
        {
          "href": "https://www.instagram.com/jalenhurts",
          "value": "jalenhurts",
          "timestamp": 1698525772
        }
      ]
    },
    {
      "title": "",
      "media_list_data": [
        
      ],
      "string_list_data": [
        {
          "href": "https://www.instagram.com/joshsweatfanclub",
          "value": "joshsweatfanclub",
          "timestamp": 1698525245
        }
      ]
    },
    {
      "title": "",
      "media_list_data": [
        
      ],
      "string_list_data": [
        {
          "href": "https://www.instagram.com/kaii.wang",
          "value": "kaii.wang",
          "timestamp": 1698506621
        }
      ]
    },
    {
      "title": "",
      "media_list_data": [
        
      ],
      "string_list_data": [
        {
          "href": "https://www.instagram.com/magic__gardens__",
          "value": "magic__gardens__",
          "timestamp": 1698033268
        }
      ]
    },
    {
      "title": "",
      "media_list_data": [
        
      ],
      "string_list_data": [
        {
          "href": "https://www.instagram.com/emmashockley_",
          "value": "emmashockley_",
          "timestamp": 1694962095
        }
      ]
    },
    {
      "title": "",
      "media_list_data": [
        
      ],
      "string_list_data": [
        {
          "href": "https://www.instagram.com/martine.haas.3",
          "value": "martine.haas.3",
          "timestamp": 1693946139
        }
      ]
    },
    {
      "title": "",
      "media_list_data": [
        
      ],
      "string_list_data": [
        {
          "href": "https://www.instagram.com/mika.o_27",
          "value": "mika.o_27",
          "timestamp": 1693242477
        }
      ]
    },
    {
      "title": "",
      "media_list_data": [
        
      ],
      "string_list_data": [
        {
          "href": "https://www.instagram.com/johnludwig_",
          "value": "johnludwig_",
          "timestamp": 1691623164
        }
      ]
    },
    {
      "title": "",
      "media_list_data": [
        
      ],
      "string_list_data": [
        {
          "href": "https://www.instagram.com/rectorhaven",
          "value": "rectorhaven",
          "timestamp": 1690377022
        }
      ]
    }
  ]
}