{
  "relationships_permanent_follow_requests": [
    {
      "title": "",
      "media_list_data": [
        
      ],
      "string_list_data": [
        {
          "href": "https://www.instagram.com/kaynes._",
          "value": "kaynes._",
          "timestamp": 1720212714
        }
      ]
    },
    {
      "title": "",
      "media_list_data": [
        
      ],
      "string_list_data": [
        {
          "href": "https://www.instagram.com/mollyhecht",
          "value": "mollyhecht",
          "timestamp": 1718935965
        }
      ]
    },
    {
      "title": "",
      "media_list_data": [
        
      ],
      "string_list_data": [
        {
          "href": "https://www.instagram.com/jackson_mcaliley",
          "value": "jackson_mcaliley",
          "timestamp": 1718762643
        }
      ]
    },
    {
      "title": "",
      "media_list_data": [
        
      ],
      "string_list_data": [
        {
          "href": "https://www.instagram.com/benistvan",
          "value": "benistvan",
          "timestamp": 1716275865
        }
      ]
    },
    {
      "title": "",
      "media_list_data": [
        
      ],
      "string_list_data": [
        {
          "href": "https://www.instagram.com/emmabryntesson",
          "value": "emmabryntesson",
          "timestamp": 1715085625
        }
      ]
    },
    {
      "title": "",
      "media_list_data": [
        
      ],
      "string_list_data": [
        {
          "href": "https://www.instagram.com/denisgallagher2",
          "value": "denisgallagher2",
          "timestamp": 1714742802
        }
      ]
    }
  ]
}