{
  "relationships_unfollowed_users": [
    {
      "title": "",
      "media_list_data": [
        
      ],
      "string_list_data": [
        {
          "href": "https://www.instagram.com/nilemw",
          "value": "nilemw",
          "timestamp": 1717586028
        }
      ]
    },
    {
      "title": "",
      "media_list_data": [
        
      ],
      "string_list_data": [
        {
          "href": "https://www.instagram.com/sophieraiin",
          "value": "sophieraiin",
          "timestamp": 1717215060
        }
      ]
    },
    {
      "title": "",
      "media_list_data": [
        
      ],
      "string_list_data": [
        {
          "href": "https://www.instagram.com/c_efantuzzo",
          "value": "c_efantuzzo",
          "timestamp": 1717022627
        }
      ]
    },
    {
      "title": "",
      "media_list_data": [
        
      ],
      "string_list_data": [
        {
          "href": "https://www.instagram.com/supcommunity",
          "value": "supcommunity",
          "timestamp": 1716311582
        }
      ]
    }
  ]
}