{
  "saved_saved_media": [
    {
      "title": "jakehallendorff",
      "string_map_data": {
        "Saved on": {
          "href": "https://www.instagram.com/reel/C6hFwkkOtfu/",
          "timestamp": 1720326361
        }
      }
    },
    {
      "title": "love.quotes",
      "string_map_data": {
        "Saved on": {
          "href": "https://www.instagram.com/reel/C5mfqdxtzzr/",
          "timestamp": 1720192336
        }
      }
    },
    {
      "title": "ashzombislayer",
      "string_map_data": {
        "Saved on": {
          "href": "https://www.instagram.com/reel/C8GbyY0xnSg/",
          "timestamp": 1720191766
        }
      }
    },
    {
      "title": "isthebruce",
      "string_map_data": {
        "Saved on": {
          "href": "https://www.instagram.com/reel/C5_RWqbM1We/",
          "timestamp": 1719967038
        }
      }
    },
    {
      "title": "slightlyoffensive_12",
      "string_map_data": {
        "Saved on": {
          "href": "https://www.instagram.com/reel/C8Bu3LXscv7/",
          "timestamp": 1719966771
        }
      }
    },
    {
      "title": "galaxies",
      "string_map_data": {
        "Saved on": {
          "href": "https://www.instagram.com/reel/C5ykbVnRKPZ/",
          "timestamp": 1719863411
        }
      }
    },
    {
      "title": "highdesertpublicauction",
      "string_map_data": {
        "Saved on": {
          "href": "https://www.instagram.com/reel/C8P7RUPyMi7/",
          "timestamp": 1719758095
        }
      }
    },
    {
      "title": "itsjuicewayne",
      "string_map_data": {
        "Saved on": {
          "href": "https://www.instagram.com/reel/C6G3ajDtaOm/",
          "timestamp": 1719683833
        }
      }
    },
    {
      "title": "chadgoesdeep",
      "string_map_data": {
        "Saved on": {
          "href": "https://www.instagram.com/reel/C6e4F_9S3AV/",
          "timestamp": 1719680046
        }
      }
    },
    {
      "title": "michael_kane_1990",
      "string_map_data": {
        "Saved on": {
          "href": "https://www.instagram.com/reel/C7AIFfMgKn_/",
          "timestamp": 1718935311
        }
      }
    },
    {
      "title": "_austin_fies_",
      "string_map_data": {
        "Saved on": {
          "href": "https://www.instagram.com/reel/C6axeQuux3K/",
          "timestamp": 1718934952
        }
      }
    },
    {
      "title": "kabukibukkake",
      "string_map_data": {
        "Saved on": {
          "href": "https://www.instagram.com/reel/C8L1l6ouVVD/",
          "timestamp": 1718909629
        }
      }
    },
    {
      "title": "therealmalikjoe",
      "string_map_data": {
        "Saved on": {
          "href": "https://www.instagram.com/reel/C6rb7f3Pn6G/",
          "timestamp": 1718741313
        }
      }
    },
    {
      "title": "thearchbishopofbanterbury",
      "string_map_data": {
        "Saved on": {
          "href": "https://www.instagram.com/reel/C74EuH-os-p/",
          "timestamp": 1718227572
        }
      }
    },
    {
      "title": "spice.angel_v8",
      "string_map_data": {
        "Saved on": {
          "href": "https://www.instagram.com/reel/C6I_JAwuv5Q/",
          "timestamp": 1718134102
        }
      }
    },
    {
      "title": "edmclip",
      "string_map_data": {
        "Saved on": {
          "href": "https://www.instagram.com/reel/C6hYyq3vTUi/",
          "timestamp": 1718106733
        }
      }
    },
    {
      "title": "blxde.mp4",
      "string_map_data": {
        "Saved on": {
          "href": "https://www.instagram.com/reel/C7mq1u2sr5l/",
          "timestamp": 1717587900
        }
      }
    },
    {
      "title": "flotation.device.daily_",
      "string_map_data": {
        "Saved on": {
          "href": "https://www.instagram.com/reel/C7PBoBvNpHl/",
          "timestamp": 1717587476
        }
      }
    },
    {
      "title": "chriscaresnone",
      "string_map_data": {
        "Saved on": {
          "href": "https://www.instagram.com/reel/C55ua0yLgT0/",
          "timestamp": 1717586534
        }
      }
    },
    {
      "title": "officialafferdin",
      "string_map_data": {
        "Saved on": {
          "href": "https://www.instagram.com/reel/C6WnyngL5M5/",
          "timestamp": 1717530169
        }
      }
    },
    {
      "title": "wealthy__club",
      "string_map_data": {
        "Saved on": {
          "href": "https://www.instagram.com/reel/C7WTsoFRsLZ/",
          "timestamp": 1717451383
        }
      }
    },
    {
      "title": "tonyclipx",
      "string_map_data": {
        "Saved on": {
          "href": "https://www.instagram.com/reel/C7MoWL1PFO0/",
          "timestamp": 1717384661
        }
      }
    },
    {
      "title": "lawrencejohnsonn",
      "string_map_data": {
        "Saved on": {
          "href": "https://www.instagram.com/reel/C6eUJhdxf6Z/",
          "timestamp": 1717383880
        }
      }
    },
    {
      "title": "bigalflynn",
      "string_map_data": {
        "Saved on": {
          "href": "https://www.instagram.com/reel/C7CYGxrRh77/",
          "timestamp": 1717275957
        }
      }
    },
    {
      "title": "ericdalessandro",
      "string_map_data": {
        "Saved on": {
          "href": "https://www.instagram.com/reel/C7fO9V_M9AX/",
          "timestamp": 1717275232
        }
      }
    },
    {
      "title": "moistbuddha",
      "string_map_data": {
        "Saved on": {
          "href": "https://www.instagram.com/reel/C7ovFHexCVT/",
          "timestamp": 1717259869
        }
      }
    },
    {
      "title": "soyrolis",
      "string_map_data": {
        "Saved on": {
          "href": "https://www.instagram.com/reel/C6X3gPsO1eM/",
          "timestamp": 1717254269
        }
      }
    },
    {
      "title": "moist",
      "string_map_data": {
        "Saved on": {
          "href": "https://www.instagram.com/reel/C7KvdoAisjM/",
          "timestamp": 1717253894
        }
      }
    },
    {
      "title": "magicalbarhopper",
      "string_map_data": {
        "Saved on": {
          "href": "https://www.instagram.com/reel/C7Px8kzS1UU/",
          "timestamp": 1717253723
        }
      }
    },
    {
      "title": "girlwith3jobs",
      "string_map_data": {
        "Saved on": {
          "href": "https://www.instagram.com/reel/C7c6L5KubuU/",
          "timestamp": 1717253386
        }
      }
    },
    {
      "title": "daniellefisch016",
      "string_map_data": {
        "Saved on": {
          "href": "https://www.instagram.com/reel/C6jcIMAuR1W/",
          "timestamp": 1717253377
        }
      }
    },
    {
      "title": "whosnextshow",
      "string_map_data": {
        "Saved on": {
          "href": "https://www.instagram.com/reel/C01_rasv-V1/",
          "timestamp": 1704242536
        }
      }
    },
    {
      "title": "yurii_yeltsov",
      "string_map_data": {
        "Saved on": {
          "href": "https://www.instagram.com/reel/C0lsyaYN4hw/",
          "timestamp": 1703800790
        }
      }
    },
    {
      "title": "chriswillx",
      "string_map_data": {
        "Saved on": {
          "href": "https://www.instagram.com/reel/C0Kz7cqvDkv/",
          "timestamp": 1703290768
        }
      }
    },
    {
      "title": "pickuplines",
      "string_map_data": {
        "Saved on": {
          "href": "https://www.instagram.com/p/C1HPDe1oF5s/",
          "timestamp": 1703211851
        }
      }
    },
    {
      "title": "laidopenpodcast",
      "string_map_data": {
        "Saved on": {
          "href": "https://www.instagram.com/reel/Cz9WUu5P3AC/",
          "timestamp": 1703088170
        }
      }
    }
  ]
}