{
  "account_history_registration_info": [
    {
      "title": "",
      "media_map_data": {
        
      },
      "string_map_data": {
        "Username": {
          "href": "",
          "value": "Max Orenstein",
          "timestamp": 0
        },
        "IP Address": {
          "href": "",
          "value": "108.4.241.103",
          "timestamp": 0
        },
        "Time": {
          "href": "",
          "value": "",
          "timestamp": 1583879859
        },
        "Email": {
          "href": "",
          "value": "",
          "timestamp": 0
        },
        "Phone Number": {
          "href": "",
          "value": "+12152647477",
          "timestamp": 0
        },
        "Device": {
          "href": "",
          "value": "",
          "timestamp": 0
        }
      }
    }
  ]
}